{
  "project_info": {
    "project_number": "1035840944476",
    "project_id": "belajarfirebase-d77f0",
    "storage_bucket": "belajarfirebase-d77f0.appspot.com"
  },
  "client": [
    {
      "client_info": {
        "mobilesdk_app_id": "1:1035840944476:android:747896f6cef85c1c852999",
        "android_client_info": {
          "package_name": "com.rahman.belajar_firebase"
        }
      },
      "oauth_client": [],
      "api_key": [
        {
          "current_key": "AIzaSyD-k-VGjmpbkzfaUqYSjI5dRpMVv46g9Qw"
        }
      ],
      "services": {
        "appinvite_service": {
          "other_platform_oauth_client": []
        }
      }
    }
  ],
  "configuration_version": "1"
}